Skyrim.esm	0x07E8C9
Skyrim.esm	0x023CFF
Skyrim.esm	0x0775FE
Skyrim.esm	0x1016A1
Skyrim.esm	0x1016A2
Skyrim.esm	0x1016A3
Skyrim.esm	0x1062D1
Skyrim.esm	0x085F80
Skyrim.esm	0x085F83
Skyrim.esm	0x085F82
Skyrim.esm	0x10C3B4
Skyrim.esm	0x10C3B5
Skyrim.esm	0x0176CD
Skyrim.esm	0x0F5ECA
Skyrim.esm	0x0176B2
Skyrim.esm	0x0F5ECB
Skyrim.esm	0x052185
Skyrim.esm	0x052189
Skyrim.esm	0x038B0D
Skyrim.esm	0x038B0C
Skyrim.esm	0x038B0F
Skyrim.esm	0x038B0E
Skyrim.esm	0x07EDF0
Skyrim.esm	0x07EDF6
Skyrim.esm	0x07E8C6
Skyrim.esm	0x108E38
Skyrim.esm	0x108E37
Skyrim.esm	0x108E36
Skyrim.esm	0x108E35
Skyrim.esm	0x022219
Skyrim.esm	0x0B97AF
Skyrim.esm	0x106D2C
Skyrim.esm	0x106D2B
Skyrim.esm	0x106D2A
Skyrim.esm	0x02221E
Skyrim.esm	0x106D29
Skyrim.esm	0x106D28
Skyrim.esm	0x0AD0CC
Skyrim.esm	0x0D337F
Skyrim.esm	0x0D95C7
Skyrim.esm	0x0D95C5
Skyrim.esm	0x0A9169
Skyrim.esm	0x0C2D3F
Skyrim.esm	0x10B035
Skyrim.esm	0x10C3BA
Skyrim.esm	0x10EB2A
Dawnguard.esm	0x01A718
Dragonborn.esm	0x03828C
Dragonborn.esm	0x03828D
Dragonborn.esm	0x038A83
Dragonborn.esm	0x038A7A
HearthFires.esm	0x00F1CE
83Willows_101BUGS_V4_LowRes.esp	0x0184D
83Willows_101BUGS_V4_LowRes.esp	0x0184E
83Willows_101BUGS_V4_LowRes.esp	0x0187C
83Willows_101BUGS_V4_LowRes.esp	0x0187E
83Willows_101BUGS_V4_LowRes.esp	0x0187F
83Willows_101BUGS_V4_LowRes.esp	0x01880
83Willows_101BUGS_V4_LowRes.esp	0x01881
83Willows_101BUGS_V4_LowRes.esp	0x01882
83Willows_101BUGS_V4_LowRes.esp	0x01883
83Willows_101BUGS_V4_LowRes.esp	0x01884
83Willows_101BUGS_V4_LowRes.esp	0x01885
83Willows_101BUGS_V4_LowRes.esp	0x01886
83Willows_101BUGS_V4_LowRes.esp	0x01887
83Willows_101BUGS_V4_LowRes.esp	0x01888
83Willows_101BUGS_V4_LowRes.esp	0x01889
83Willows_101BUGS_V4_LowRes.esp	0x0188A
83Willows_101BUGS_V4_LowRes.esp	0x0188B
83Willows_101BUGS_V4_LowRes.esp	0x0188C
83Willows_101BUGS_V4_LowRes.esp	0x0188D
83Willows_101BUGS_V4_LowRes.esp	0x0188E
83Willows_101BUGS_V4_LowRes.esp	0x0188F
83Willows_101BUGS_V4_LowRes.esp	0x01890
83Willows_101BUGS_V4_LowRes.esp	0x01891
83Willows_101BUGS_V4_LowRes.esp	0x01892
83Willows_101BUGS_V4_LowRes.esp	0x01893
83Willows_101BUGS_V4_LowRes.esp	0x01894
83Willows_101BUGS_V4_LowRes.esp	0x03381
83Willows_101BUGS_V4_LowRes.esp	0x03382
83Willows_101BUGS_V4_HighRes.esp	0x0184D
83Willows_101BUGS_V4_HighRes.esp	0x0184E
83Willows_101BUGS_V4_HighRes.esp	0x0187C
83Willows_101BUGS_V4_HighRes.esp	0x0187E
83Willows_101BUGS_V4_HighRes.esp	0x0187F
83Willows_101BUGS_V4_HighRes.esp	0x01880
83Willows_101BUGS_V4_HighRes.esp	0x01881
83Willows_101BUGS_V4_HighRes.esp	0x01882
83Willows_101BUGS_V4_HighRes.esp	0x01883
83Willows_101BUGS_V4_HighRes.esp	0x01884
83Willows_101BUGS_V4_HighRes.esp	0x01885
83Willows_101BUGS_V4_HighRes.esp	0x01886
83Willows_101BUGS_V4_HighRes.esp	0x01887
83Willows_101BUGS_V4_HighRes.esp	0x01888
83Willows_101BUGS_V4_HighRes.esp	0x01889
83Willows_101BUGS_V4_HighRes.esp	0x0188A
83Willows_101BUGS_V4_HighRes.esp	0x0188B
83Willows_101BUGS_V4_HighRes.esp	0x0188C
83Willows_101BUGS_V4_HighRes.esp	0x0188D
83Willows_101BUGS_V4_HighRes.esp	0x0188E
83Willows_101BUGS_V4_HighRes.esp	0x0188F
83Willows_101BUGS_V4_HighRes.esp	0x01890
83Willows_101BUGS_V4_HighRes.esp	0x01891
83Willows_101BUGS_V4_HighRes.esp	0x01892
83Willows_101BUGS_V4_HighRes.esp	0x01893
83Willows_101BUGS_V4_HighRes.esp	0x01894
83Willows_101BUGS_V4_HighRes.esp	0x03381
83Willows_101BUGS_V4_HighRes.esp	0x03382
83Willows_101BUGS_V4_LowerRes_HighSpawn.esp	0x0184D
83Willows_101BUGS_V4_LowerRes_HighSpawn.esp	0x0184E
83Willows_101BUGS_V4_LowerRes_HighSpawn.esp	0x0187C
83Willows_101BUGS_V4_LowerRes_HighSpawn.esp	0x0187E
83Willows_101BUGS_V4_LowerRes_HighSpawn.esp	0x0187F
83Willows_101BUGS_V4_LowerRes_HighSpawn.esp	0x01880
83Willows_101BUGS_V4_LowerRes_HighSpawn.esp	0x01881
83Willows_101BUGS_V4_LowerRes_HighSpawn.esp	0x01882
83Willows_101BUGS_V4_LowerRes_HighSpawn.esp	0x01883
83Willows_101BUGS_V4_LowerRes_HighSpawn.esp	0x01884
83Willows_101BUGS_V4_LowerRes_HighSpawn.esp	0x01885
83Willows_101BUGS_V4_LowerRes_HighSpawn.esp	0x01886
83Willows_101BUGS_V4_LowerRes_HighSpawn.esp	0x01887
83Willows_101BUGS_V4_LowerRes_HighSpawn.esp	0x01888
83Willows_101BUGS_V4_LowerRes_HighSpawn.esp	0x01889
83Willows_101BUGS_V4_LowerRes_HighSpawn.esp	0x0188A
83Willows_101BUGS_V4_LowerRes_HighSpawn.esp	0x0188B
83Willows_101BUGS_V4_LowerRes_HighSpawn.esp	0x0188C
83Willows_101BUGS_V4_LowerRes_HighSpawn.esp	0x0188D
83Willows_101BUGS_V4_LowerRes_HighSpawn.esp	0x0188E
83Willows_101BUGS_V4_LowerRes_HighSpawn.esp	0x0188F
83Willows_101BUGS_V4_LowerRes_HighSpawn.esp	0x01890
83Willows_101BUGS_V4_LowerRes_HighSpawn.esp	0x01891
83Willows_101BUGS_V4_LowerRes_HighSpawn.esp	0x01892
83Willows_101BUGS_V4_LowerRes_HighSpawn.esp	0x01893
83Willows_101BUGS_V4_LowerRes_HighSpawn.esp	0x01894
83Willows_101BUGS_V4_LowerRes_HighSpawn.esp	0x03381
83Willows_101BUGS_V4_LowerRes_HighSpawn.esp	0x03382
83Willows_101BUGS_V4_HighRes_HighSpawn.esp	0x0184D
83Willows_101BUGS_V4_HighRes_HighSpawn.esp	0x0184E
83Willows_101BUGS_V4_HighRes_HighSpawn.esp	0x0187C
83Willows_101BUGS_V4_HighRes_HighSpawn.esp	0x0187E
83Willows_101BUGS_V4_HighRes_HighSpawn.esp	0x0187F
83Willows_101BUGS_V4_HighRes_HighSpawn.esp	0x01880
83Willows_101BUGS_V4_HighRes_HighSpawn.esp	0x01881
83Willows_101BUGS_V4_HighRes_HighSpawn.esp	0x01882
83Willows_101BUGS_V4_HighRes_HighSpawn.esp	0x01883
83Willows_101BUGS_V4_HighRes_HighSpawn.esp	0x01884
83Willows_101BUGS_V4_HighRes_HighSpawn.esp	0x01885
83Willows_101BUGS_V4_HighRes_HighSpawn.esp	0x01886
83Willows_101BUGS_V4_HighRes_HighSpawn.esp	0x01887
83Willows_101BUGS_V4_HighRes_HighSpawn.esp	0x01888
83Willows_101BUGS_V4_HighRes_HighSpawn.esp	0x01889
83Willows_101BUGS_V4_HighRes_HighSpawn.esp	0x0188A
83Willows_101BUGS_V4_HighRes_HighSpawn.esp	0x0188B
83Willows_101BUGS_V4_HighRes_HighSpawn.esp	0x0188C
83Willows_101BUGS_V4_HighRes_HighSpawn.esp	0x0188D
83Willows_101BUGS_V4_HighRes_HighSpawn.esp	0x0188E
83Willows_101BUGS_V4_HighRes_HighSpawn.esp	0x0188F
83Willows_101BUGS_V4_HighRes_HighSpawn.esp	0x01890
83Willows_101BUGS_V4_HighRes_HighSpawn.esp	0x01891
83Willows_101BUGS_V4_HighRes_HighSpawn.esp	0x01892
83Willows_101BUGS_V4_HighRes_HighSpawn.esp	0x01893
83Willows_101BUGS_V4_HighRes_HighSpawn.esp	0x01894
83Willows_101BUGS_V4_HighRes_HighSpawn.esp	0x03381
83Willows_101BUGS_V4_HighRes_HighSpawn.esp	0x03382
ImprovedFishBASIC.esp	0x008FC2
ImprovedFishBASIC.esp	0x008FC6
ImprovedFishBASIC.esp	0x009A8E
ImprovedFishBASIC.esp	0x009AAE
ImprovedFishBASIC.esp	0x00AAED
ImprovedFishBASIC.esp	0x009A9A
ImprovedFishBASIC.esp	0x0084F6
ImprovedFishBASIC.esp	0x009A9E
ImprovedFishBASIC.esp	0x009AA2
ImprovedFishBASIC.esp	0x009A96
ImprovedFishBASIC.esp	0x009A92
ImprovedFishBASIC.esp	0x009AA6
ImprovedFishBASIC.esp	0x009AB2
ImprovedFishBASIC.esp	0x000D62
ImprovedFishBASIC.esp	0x00182A
ImprovedFishBASIC.esp	0x00182C
ImprovedFishBASIC.esp	0x00182F
ImprovedFishBASIC.esp	0x001836
ImprovedFishBASIC.esp	0x00183A
ImprovedFishBASIC.esp	0x001DA0
ImprovedFishBASIC.esp	0x002306
ImprovedFishBASIC.esp	0x00230A
ImprovedFishBASIC.esp	0x00230C
ImprovedFishBASIC.esp	0x00230E
ImprovedFishBASIC.esp	0x002311
ImprovedFishBASIC.esp	0x00287C
ImprovedFishBASIC.esp	0x002881
ImprovedFishBASIC.esp	0x0038B3
ImprovedFishBASIC.esp	0x0038B4
ImprovedFishBASIC.esp	0x0038B5
ImprovedFishBASIC.esp	0x0038B6
ImprovedFishBASIC.esp	0x003E25
ImprovedFishBASIC.esp	0x003E26
ImprovedFishBASIC.esp	0x00438F
ImprovedFishBASIC.esp	0x004390
ImprovedFishBASIC.esp	0x004391
ImprovedFishBASIC.esp	0x004392
ImprovedFishBASIC.esp	0x00439F
ImprovedFishBASIC.esp	0x004905
ImprovedFishBASIC.esp	0x004E6B
ImprovedFishBASIC.esp	0x004E6C
ImprovedFishBASIC.esp	0x006F53
ImprovedFishBASIC.esp	0x006F57
ImprovedFishBASIC.esp	0x006F59
ImprovedFishBASIC.esp	0x006F5C
ImprovedFishBASIC.esp	0x008A5C
ImprovedFishBASIC.esp	0x009AAA
ImprovedFishBASIC.esp	0x009ABA
ImprovedFishBASIC.esp	0x009AB6
ImprovedFishBASIC.esp	0x00A024
ImprovedFishBASIC.esp	0x009ABE
ImprovedFishBASIC.esp	0x00C5F5
ImprovedFishBASIC.esp	0x00C5F9
ImprovedFishBASIC.esp	0x00C5F7
ImprovedFishBASIC.esp	0x00C5FB
ImprovedFishBASIC.esp	0x00C5FD
ImprovedFishBASIC.esp	0x00C5FF
ImprovedFishBASIC.esp	0x00C5F3
ImprovedFishBASIC.esp	0x00C601
ImprovedFishBASIC.esp	0x00C603
ImprovedFishBASIC.esp	0x00C605
ImprovedFishBASIC.esp	0x00C607
ImprovedFishBASIC.esp	0x00C609
ImprovedFishBASIC.esp	0x00C60B
ImprovedFishBASIC.esp	0x00C60D
ImprovedFishBASIC.esp	0x00C60F
ImprovedFishBASIC.esp	0x00C611
ImprovedFishBASIC.esp	0x00C613
ImprovedFishBASIC.esp	0x00C615
ImprovedFish.esp	0x008FC2
ImprovedFish.esp	0x008FC6
ImprovedFish.esp	0x009A8E
ImprovedFish.esp	0x009AAE
ImprovedFish.esp	0x00AAED
ImprovedFish.esp	0x009A9A
ImprovedFish.esp	0x0084F6
ImprovedFish.esp	0x009A9E
ImprovedFish.esp	0x009AA2
ImprovedFish.esp	0x009A96
ImprovedFish.esp	0x009A92
ImprovedFish.esp	0x009AA6
ImprovedFish.esp	0x009AB2
ImprovedFish.esp	0x000D62
ImprovedFish.esp	0x00182A
ImprovedFish.esp	0x00182C
ImprovedFish.esp	0x00182F
ImprovedFish.esp	0x001836
ImprovedFish.esp	0x00183A
ImprovedFish.esp	0x001DA0
ImprovedFish.esp	0x002306
ImprovedFish.esp	0x00230A
ImprovedFish.esp	0x00230C
ImprovedFish.esp	0x00230E
ImprovedFish.esp	0x002311
ImprovedFish.esp	0x00287C
ImprovedFish.esp	0x002881
ImprovedFish.esp	0x0038B3
ImprovedFish.esp	0x0038B4
ImprovedFish.esp	0x0038B5
ImprovedFish.esp	0x0038B6
ImprovedFish.esp	0x003E25
ImprovedFish.esp	0x003E26
ImprovedFish.esp	0x00438F
ImprovedFish.esp	0x004390
ImprovedFish.esp	0x004391
ImprovedFish.esp	0x004392
ImprovedFish.esp	0x00439F
ImprovedFish.esp	0x004905
ImprovedFish.esp	0x004E6B
ImprovedFish.esp	0x004E6C
ImprovedFish.esp	0x006F53
ImprovedFish.esp	0x006F57
ImprovedFish.esp	0x006F59
ImprovedFish.esp	0x006F5C
ImprovedFish.esp	0x008A5C
ImprovedFish.esp	0x009AAA
ImprovedFish.esp	0x009ABA
ImprovedFish.esp	0x009AB6
ImprovedFish.esp	0x00A024
ImprovedFish.esp	0x009ABE
ImprovedFish.esp	0x00C5F5
ImprovedFish.esp	0x00C5F9
ImprovedFish.esp	0x00C5F7
ImprovedFish.esp	0x00C5FB
ImprovedFish.esp	0x00C5FD
ImprovedFish.esp	0x00C5FF
ImprovedFish.esp	0x00C5F3
ImprovedFish.esp	0x00C601
ImprovedFish.esp	0x00C603
ImprovedFish.esp	0x00C605
ImprovedFish.esp	0x00C607
ImprovedFish.esp	0x00C609
ImprovedFish.esp	0x00C60B
ImprovedFish.esp	0x00C60D
ImprovedFish.esp	0x00C60F
ImprovedFish.esp	0x00C611
ImprovedFish.esp	0x00C613
ImprovedFish.esp	0x00C615
