skyrim.esm	0x0A2BE5
skyrim.esm	0x0A2BE6
skyrim.esm	0x0A2BEC
skyrim.esm	0x0A2BED
skyrim.esm	0x0A2BF6
skyrim.esm	0x0A2BF8
skyrim.esm	0x0A2BFB
skyrim.esm	0x0A2BFE
skyrim.esm	0x0A2C33
skyrim.esm	0x0A2C36
skyrim.esm	0x0A2C42
skyrim.esm	0x0A2C46
skyrim.esm	0x0A2C4B
skyrim.esm	0x0A2C4C
skyrim.esm	0x0A2C4D
skyrim.esm	0x0A2C4E
skyrim.esm	0x0A2C4F
skyrim.esm	0x0A2C52
skyrim.esm	0x0A2C5B
skyrim.esm	0x0A2C68
skyrim.esm	0x0A2C6B
skyrim.esm	0x0A2C73
skyrim.esm	0x0A2C77
skyrim.esm	0x0A2C78
skyrim.esm	0x0A2C79
skyrim.esm	0x0A2C7B
skyrim.esm	0x0A2C7C
skyrim.esm	0x0A2C7D
skyrim.esm	0x0A2C7E
skyrim.esm	0x0A2C7F
skyrim.esm	0x0A2C80
skyrim.esm	0x0A2C81
skyrim.esm	0x0A2C82
skyrim.esm	0x0A2C85
skyrim.esm	0x0A2CB1
skyrim.esm	0x0E2BC2
skyrim.esm	0x10ACC8
skyrim.esm	0x10D01D
skyrim.esm	0x10D01E
skyrim.esm	0x10D01F
skyrim.esm	0x10D020
skyrim.esm	0x10D021
skyrim.esm	0x10D022
skyrim.esm	0x10D023
skyrim.esm	0x10D024
skyrim.esm	0x10D025
skyrim.esm	0x10D026
skyrim.esm	0x10D027
skyrim.esm	0x10D02C
skyrim.esm	0x10D02D
skyrim.esm	0x10D02E
skyrim.esm	0x10D02F
skyrim.esm	0x10D030
skyrim.esm	0x10D031
skyrim.esm	0x10D032
skyrim.esm	0x10D034
skyrim.esm	0x10D035
skyrim.esm	0x10D036
skyrim.esm	0x10D037
skyrim.esm	0x10D038
skyrim.esm	0x10D039
skyrim.esm	0x10D03A
skyrim.esm	0x10D03B
skyrim.esm	0x10D03E
skyrim.esm	0x10D03F
skyrim.esm	0x10D040
skyrim.esm	0x10D043
skyrim.esm	0x10D044
skyrim.esm	0x10D045
skyrim.esm	0x10D046
skyrim.esm	0x10D047
skyrim.esm	0x10D049
skyrim.esm	0x10D04A
skyrim.esm	0x10D04B
skyrim.esm	0x10D04C
skyrim.esm	0x10D04D
skyrim.esm	0x10D04E
skyrim.esm	0x10D04F
skyrim.esm	0x10D050
skyrim.esm	0x10D051
skyrim.esm	0x10D052
skyrim.esm	0x10D053
skyrim.esm	0x10D054
skyrim.esm	0x10D055
skyrim.esm	0x10D056
skyrim.esm	0x10D057
skyrim.esm	0x10D058
skyrim.esm	0x10D059
skyrim.esm	0x10D05A
skyrim.esm	0x10D05B
skyrim.esm	0x10D05C
skyrim.esm	0x10D05D
skyrim.esm	0x10D05E
skyrim.esm	0x10D05F
skyrim.esm	0x10D060
skyrim.esm	0x10D061
skyrim.esm	0x10D062
skyrim.esm	0x10D063
skyrim.esm	0x10D064
skyrim.esm	0x10D065
skyrim.esm	0x10D066
skyrim.esm	0x10D067
skyrim.esm	0x10D068
skyrim.esm	0x10D069
skyrim.esm	0x10D06A
skyrim.esm	0x10D06B
skyrim.esm	0x10D06C
skyrim.esm	0x10D06D
skyrim.esm	0x10D06E
skyrim.esm	0x10D06F
skyrim.esm	0x10D070
skyrim.esm	0x10D071
skyrim.esm	0x10D072
skyrim.esm	0x10D073
skyrim.esm	0x10D074
skyrim.esm	0x10D075
skyrim.esm	0x10D076
skyrim.esm	0x10D077
skyrim.esm	0x10D078
skyrim.esm	0x10D079
skyrim.esm	0x10D07A
skyrim.esm	0x10D07B
skyrim.esm	0x10D07C
skyrim.esm	0x10D07D
skyrim.esm	0x10D07E
skyrim.esm	0x10D07F
skyrim.esm	0x10D080
skyrim.esm	0x10D081
skyrim.esm	0x10D082
skyrim.esm	0x10D083
skyrim.esm	0x10D084
skyrim.esm	0x10D085
skyrim.esm	0x10D086
skyrim.esm	0x10D087
skyrim.esm	0x10D088
skyrim.esm	0x10D089
skyrim.esm	0x10D08A
skyrim.esm	0x10D08B
skyrim.esm	0x10D08C
skyrim.esm	0x10D08D
skyrim.esm	0x10D08E
skyrim.esm	0x10D08F
skyrim.esm	0x10D090
skyrim.esm	0x10D091
skyrim.esm	0x10D092
skyrim.esm	0x10D093
skyrim.esm	0x10D094
skyrim.esm	0x10D095
skyrim.esm	0x10D096
skyrim.esm	0x10D098
skyrim.esm	0x10D130
skyrim.esm	0x10D4C4
skyrim.esm	0x10D4D0
skyrim.esm	0x10D4D5
skyrim.esm	0x10D4DB
skyrim.esm	0x10D4DE
skyrim.esm	0x10D6FF
skyrim.esm	0x10D710
skyrim.esm	0x10D749
skyrim.esm	0x10D76F
skyrim.esm	0x10D798
skyrim.esm	0x10D7A9
skyrim.esm	0x10D7AA
skyrim.esm	0x10D7C8
skyrim.esm	0x10DA95
skyrim.esm	0x10DA97
skyrim.esm	0x10DA9B
skyrim.esm	0x10DA9D
skyrim.esm	0x10DA9E
skyrim.esm	0x10DA9F
skyrim.esm	0x10DAA0
skyrim.esm	0x10DAA1
skyrim.esm	0x10DAA3
skyrim.esm	0x10DAA4
skyrim.esm	0x10DAA5
skyrim.esm	0x10DAA8
skyrim.esm	0x10DAB9
skyrim.esm	0x10DABB
skyrim.esm	0x10DABC
skyrim.esm	0x10DABD
skyrim.esm	0x10DABE
skyrim.esm	0x10DABF
skyrim.esm	0x10DAC0
skyrim.esm	0x10DAC1
skyrim.esm	0x10DAC2
skyrim.esm	0x10DAC3
skyrim.esm	0x10DAC4
skyrim.esm	0x10DAC5
skyrim.esm	0x10DAC6
skyrim.esm	0x10DAC7
skyrim.esm	0x10DAC8
skyrim.esm	0x10DAC9
skyrim.esm	0x10DACA
skyrim.esm	0x10DACB
skyrim.esm	0x10DACC
skyrim.esm	0x10DACD
skyrim.esm	0x10DACE
skyrim.esm	0x10DACF
skyrim.esm	0x10DAD0
skyrim.esm	0x10DAD1
skyrim.esm	0x10DAD2
skyrim.esm	0x10DAD3
skyrim.esm	0x10DAD4
skyrim.esm	0x10DAD5
skyrim.esm	0x10DAD6
skyrim.esm	0x10DAD7
skyrim.esm	0x10DAD8
skyrim.esm	0x10DAD9
skyrim.esm	0x10DADA
skyrim.esm	0x10DADB
skyrim.esm	0x10DADC
skyrim.esm	0x10DADD
skyrim.esm	0x10DADE
skyrim.esm	0x10DADF
skyrim.esm	0x10DAE0
skyrim.esm	0x10DAE1
skyrim.esm	0x10DAE2
skyrim.esm	0x10DAE3
skyrim.esm	0x10DAE4
skyrim.esm	0x10DAE5
skyrim.esm	0x10DAE6
skyrim.esm	0x10DAE7
skyrim.esm	0x10DAE8
skyrim.esm	0x10DAE9
skyrim.esm	0x10DAEA
skyrim.esm	0x10DAEB
skyrim.esm	0x10DAEC
skyrim.esm	0x10DAED
skyrim.esm	0x10DAEE
skyrim.esm	0x10DAEF
skyrim.esm	0x10DAF0
skyrim.esm	0x10DAF1
skyrim.esm	0x10DAF2
skyrim.esm	0x10DAF3
skyrim.esm	0x10DAF4
skyrim.esm	0x10DAF5
skyrim.esm	0x10DAF6
skyrim.esm	0x10DAF7
skyrim.esm	0x10DAF8
skyrim.esm	0x10DAF9
skyrim.esm	0x10DAFA
skyrim.esm	0x10DAFB
skyrim.esm	0x10DAFC
skyrim.esm	0x10DAFD
skyrim.esm	0x10DAFE
skyrim.esm	0x10DAFF
skyrim.esm	0x10DB00
skyrim.esm	0x10DB01
skyrim.esm	0x10DB02
skyrim.esm	0x10DB03
skyrim.esm	0x10DB04
skyrim.esm	0x10DB05
skyrim.esm	0x10DB06
skyrim.esm	0x10DB07
skyrim.esm	0x10DB08
skyrim.esm	0x10DB09
skyrim.esm	0x10DB0A
skyrim.esm	0x10DB0B
skyrim.esm	0x10DB0C
skyrim.esm	0x10DB0D
skyrim.esm	0x10DB0E
skyrim.esm	0x10DB0F
skyrim.esm	0x10DB10
skyrim.esm	0x10DB11
skyrim.esm	0x10DB12
skyrim.esm	0x10DB13
skyrim.esm	0x10DB14
skyrim.esm	0x10DB15
skyrim.esm	0x10DB16
skyrim.esm	0x10DB17
skyrim.esm	0x10DB18
skyrim.esm	0x10DB19
skyrim.esm	0x10DB1A
skyrim.esm	0x10DB1B
skyrim.esm	0x10DB1C
skyrim.esm	0x10DB1D
skyrim.esm	0x10DB1E
skyrim.esm	0x10DB1F
skyrim.esm	0x10DB20
skyrim.esm	0x10DB21
skyrim.esm	0x10DB22
skyrim.esm	0x10DB23
skyrim.esm	0x10DB24
skyrim.esm	0x10DB25
skyrim.esm	0x10DB26
skyrim.esm	0x10DB27
skyrim.esm	0x10DB28
skyrim.esm	0x10DB29
skyrim.esm	0x10DB2A
skyrim.esm	0x10DB2B
skyrim.esm	0x10DB2C
skyrim.esm	0x10DB2D
skyrim.esm	0x10DB2E
skyrim.esm	0x10DB2F
skyrim.esm	0x10DB30
skyrim.esm	0x10DB31
skyrim.esm	0x10DB32
skyrim.esm	0x10DB33
skyrim.esm	0x10DB34
skyrim.esm	0x10DB35
skyrim.esm	0x10DB36
skyrim.esm	0x10DB37
skyrim.esm	0x10DB38
skyrim.esm	0x10DB39
skyrim.esm	0x10DB3A
skyrim.esm	0x10DB3B
skyrim.esm	0x10DB3C
skyrim.esm	0x10DB3D
skyrim.esm	0x10DB3E
skyrim.esm	0x10DB3F
skyrim.esm	0x10DB40
skyrim.esm	0x10DB41
skyrim.esm	0x10DB42
skyrim.esm	0x10DB43
skyrim.esm	0x10DB44
skyrim.esm	0x10DB45
skyrim.esm	0x10DB46
skyrim.esm	0x10DB47
skyrim.esm	0x10DB48
skyrim.esm	0x10DB49
skyrim.esm	0x10DB4A
skyrim.esm	0x10DB4B
skyrim.esm	0x10DB4C
skyrim.esm	0x10DB4D
skyrim.esm	0x10DB4E
skyrim.esm	0x10DB4F
skyrim.esm	0x10DB50
skyrim.esm	0x10DB51
skyrim.esm	0x10DB52
skyrim.esm	0x10DB53
skyrim.esm	0x10DB54
skyrim.esm	0x10DB55
skyrim.esm	0x10DB57
skyrim.esm	0x10DB58
skyrim.esm	0x10DB59
skyrim.esm	0x10DB5A
skyrim.esm	0x10DB5B
skyrim.esm	0x10DB5C
skyrim.esm	0x10DB5D
skyrim.esm	0x10DB5E
skyrim.esm	0x10DB5F
skyrim.esm	0x10DB60
skyrim.esm	0x10DB61
skyrim.esm	0x10DB62
skyrim.esm	0x10DB63
skyrim.esm	0x10DB64
skyrim.esm	0x10DB65
skyrim.esm	0x10DB66
skyrim.esm	0x10DB67
skyrim.esm	0x10DB68
skyrim.esm	0x10DB69
skyrim.esm	0x10DB6A
skyrim.esm	0x10DB6B
skyrim.esm	0x10DB6C
skyrim.esm	0x10DB6D
skyrim.esm	0x10DB6E
skyrim.esm	0x10DB6F
skyrim.esm	0x10DB70
skyrim.esm	0x10DB71
skyrim.esm	0x10DB73
skyrim.esm	0x10DB74
skyrim.esm	0x10DB75
skyrim.esm	0x10DB76
skyrim.esm	0x10DB77
skyrim.esm	0x10DB78
skyrim.esm	0x10DB79
skyrim.esm	0x10DB7A
skyrim.esm	0x10DB7B
skyrim.esm	0x10DB7C
skyrim.esm	0x10DB7D
skyrim.esm	0x10DB7E
skyrim.esm	0x10DB7F
skyrim.esm	0x10DB80
skyrim.esm	0x10DB81
skyrim.esm	0x10DB82
skyrim.esm	0x10DB83
skyrim.esm	0x10DB84
skyrim.esm	0x10DB85
skyrim.esm	0x10DB86
skyrim.esm	0x10DB87
skyrim.esm	0x10DB88
skyrim.esm	0x10DB89
skyrim.esm	0x10DC2A
skyrim.esm	0x10DC2B
skyrim.esm	0x10DC2C
skyrim.esm	0x10DC2D
skyrim.esm	0x10DC2E
skyrim.esm	0x10DC2F
skyrim.esm	0x10DC30
skyrim.esm	0x10DC31
skyrim.esm	0x10DC32
skyrim.esm	0x10DC33
skyrim.esm	0x10DC34
skyrim.esm	0x10DC35
skyrim.esm	0x10DC36
skyrim.esm	0x10DC37
skyrim.esm	0x10DC38
skyrim.esm	0x10DC39
skyrim.esm	0x10DC3A
skyrim.esm	0x10DC3B
skyrim.esm	0x10DC3C
skyrim.esm	0x10DC3D
skyrim.esm	0x10DC3E
skyrim.esm	0x10DC3F
skyrim.esm	0x10DC40
skyrim.esm	0x10DC41
skyrim.esm	0x10DC42
skyrim.esm	0x10DC43
skyrim.esm	0x10DC44
skyrim.esm	0x10DC45
skyrim.esm	0x10DC46
skyrim.esm	0x10DC47
skyrim.esm	0x10DC48
skyrim.esm	0x10DC49
skyrim.esm	0x10DC4A
skyrim.esm	0x10DC4B
skyrim.esm	0x10DC4C
skyrim.esm	0x10DC4D
skyrim.esm	0x10DC4E
skyrim.esm	0x10DC4F
skyrim.esm	0x10DC50
skyrim.esm	0x10DC51
skyrim.esm	0x10DC52
skyrim.esm	0x10DC53
skyrim.esm	0x10DC54
skyrim.esm	0x10DC55
skyrim.esm	0x10DC56
skyrim.esm	0x10DC57
skyrim.esm	0x10DC58
skyrim.esm	0x10DC59
skyrim.esm	0x10DC5A
skyrim.esm	0x10DC5B
skyrim.esm	0x10DC5C
skyrim.esm	0x10DC5D
skyrim.esm	0x10DC5E
skyrim.esm	0x10DC5F
skyrim.esm	0x10DC60
skyrim.esm	0x10DC61
skyrim.esm	0x10DC62
skyrim.esm	0x10DC63
skyrim.esm	0x10DC64
skyrim.esm	0x10DC65
skyrim.esm	0x10DC66
skyrim.esm	0x10DC67
skyrim.esm	0x10DC68
skyrim.esm	0x10DC69
skyrim.esm	0x10DC6A
skyrim.esm	0x10DC6B
skyrim.esm	0x10DC6C
skyrim.esm	0x10DC6D
skyrim.esm	0x10DC6E
skyrim.esm	0x10DC6F
skyrim.esm	0x10DC70
skyrim.esm	0x10DC71
skyrim.esm	0x10DC72
skyrim.esm	0x10DC73
skyrim.esm	0x10DC74
skyrim.esm	0x10DC75
skyrim.esm	0x10DC76
skyrim.esm	0x10DC77
skyrim.esm	0x10DC78
skyrim.esm	0x10DC79
skyrim.esm	0x10DC7A
skyrim.esm	0x10DC7B
skyrim.esm	0x10DC7C
skyrim.esm	0x10DC7D
skyrim.esm	0x10DC7E
skyrim.esm	0x10DC7F
skyrim.esm	0x10DC80
skyrim.esm	0x10DC81
skyrim.esm	0x10DC82
skyrim.esm	0x10DC83
skyrim.esm	0x10DC84
skyrim.esm	0x10DC85
skyrim.esm	0x10DC86
skyrim.esm	0x10DC87
skyrim.esm	0x10DC88
skyrim.esm	0x10DC89
skyrim.esm	0x10DC8A
skyrim.esm	0x10DC8B
skyrim.esm	0x10DC8C
skyrim.esm	0x10DC8D
skyrim.esm	0x10DC8E
skyrim.esm	0x10DC8F
skyrim.esm	0x10DC90
skyrim.esm	0x10DC91
skyrim.esm	0x10DC92
skyrim.esm	0x10DC93
skyrim.esm	0x10DC94
skyrim.esm	0x10DC95
skyrim.esm	0x10DC96
skyrim.esm	0x10DC97
skyrim.esm	0x10DC98
skyrim.esm	0x10DC99
skyrim.esm	0x10DC9A
skyrim.esm	0x10DC9B
skyrim.esm	0x10DC9C
skyrim.esm	0x10DC9D
skyrim.esm	0x10DC9E
skyrim.esm	0x10DC9F
skyrim.esm	0x10DCA0
skyrim.esm	0x10DCA1
skyrim.esm	0x10DCA2
skyrim.esm	0x10DCA3
skyrim.esm	0x10DCA4
skyrim.esm	0x10DCA5
skyrim.esm	0x10DCA6
skyrim.esm	0x10DCA7
skyrim.esm	0x10DCA8
skyrim.esm	0x10DCA9
skyrim.esm	0x10DCAA
skyrim.esm	0x10DCAB
skyrim.esm	0x10DCAC
skyrim.esm	0x10DCAD
skyrim.esm	0x10DCAE
skyrim.esm	0x10DCAF
skyrim.esm	0x10DCB0
skyrim.esm	0x10DCB1
skyrim.esm	0x10DCB2
skyrim.esm	0x10DCB3
skyrim.esm	0x10DCB4
skyrim.esm	0x10DCB5
skyrim.esm	0x10DCB6
skyrim.esm	0x10DCB7
skyrim.esm	0x10DCB8
skyrim.esm	0x10DCB9
skyrim.esm	0x10DCBA
skyrim.esm	0x10DCBB
skyrim.esm	0x10DCBC
skyrim.esm	0x10DCBD
skyrim.esm	0x10DCBE
skyrim.esm	0x10DCBF
skyrim.esm	0x10DCC0
skyrim.esm	0x10DCC1
skyrim.esm	0x10DCC2
skyrim.esm	0x10DCC3
skyrim.esm	0x10DCC4
skyrim.esm	0x10DCC5
skyrim.esm	0x10DCC6
skyrim.esm	0x10DCC7
skyrim.esm	0x10DCC8
skyrim.esm	0x10DCC9
skyrim.esm	0x10DCCA
skyrim.esm	0x10DCCB
skyrim.esm	0x10DCCC
skyrim.esm	0x10DCCD
skyrim.esm	0x10DCCE
skyrim.esm	0x10DCCF
skyrim.esm	0x10DCD0
skyrim.esm	0x10DCD1
skyrim.esm	0x10DCD2
skyrim.esm	0x10E101
skyrim.esm	0x10E93B
skyrim.esm	0x10E99A
skyrim.esm	0x10EAA8
skyrim.esm	0x10EE3F
skyrim.esm	0x10EE64
skyrim.esm	0x10F0E7
skyrim.esm	0x10FC0E
skyrim.esm	0x10FC0F
skyrim.esm	0x10FC10
Dawnguard.esm	0x195A5
Dragonborn.esm	0x28E9A
Dragonborn.esm	0x28E9B
Dragonborn.esm	0x28E9C
Dragonborn.esm	0x28E94
Dragonborn.esm	0x28E95
Dragonborn.esm	0x28E96
Dragonborn.esm	0x28EA0
Dragonborn.esm	0x28EA1
Dragonborn.esm	0x28EA2
Dragonborn.esm	0x28E8E
Dragonborn.esm	0x28E90
Dragonborn.esm	0x28E92
Dragonborn.esm	0x1B659
Dragonborn.esm	0x295CB
Dragonborn.esm	0x3863D
Dragonborn.esm	0x3863E
Dragonborn.esm	0x32CD6
Dragonborn.esm	0x377EE
